Gryffindor,Hufflepuff,Ravenclaw,Slytherin,Name
0.997784674,0.000844925,0.000836325,0.000534097,realDonaldTrump
0.60425669,0.395108193,0.000317699,0.000317429,_andrewcouch
0.140331074595451,0.738522827625275,0.00506889447569847,0.116077192127705,"brhodes"
